SKU ID,Category,Brand,Product Name,Size,Unnamed: 5,Variants,Distribution Area,Distributor Price (Ctn),Distributor Price (Pcs),Consumer Price (Ctn),Consumer Price (Pcs),Pcs per Ctn,MOQ,Product Picture
FMCG001,Snack,Anak Tempe,Keripik Tempe,15 gr,Anak Tempe Keripik Tempe - 15 gr,Original,Jabodetabek,"56,000","1,400","80,000","2,000",40,200,https://drive.google.com/file/d/1EoWVR2XKaqJGLj22dDNYgg_xZTaWsBgi/view?usp=drive_link
FMCG001,Snack,Anak Tempe,Keripik Tempe,15 gr,Anak Tempe Keripik Tempe - 15 gr,BBQ,Jabodetabek,"56,000","1,400","80,000","2,000",40,200,https://drive.google.com/file/d/1EoWVR2XKaqJGLj22dDNYgg_xZTaWsBgi/view?usp=drive_link
FMCG001,Snack,Anak Tempe,Keripik Tempe,15 gr,Anak Tempe Keripik Tempe - 15 gr,Jagung Manis,Jabodetabek,"56,000","1,400","80,000","2,000",40,200,https://drive.google.com/file/d/1EoWVR2XKaqJGLj22dDNYgg_xZTaWsBgi/view?usp=drive_link
FMCG001,Snack,Anak Tempe,Keripik Tempe,15 gr,Anak Tempe Keripik Tempe - 15 gr,Tempe Balado,Jabodetabek,"56,000","1,400","80,000","2,000",40,200,https://drive.google.com/file/d/1EoWVR2XKaqJGLj22dDNYgg_xZTaWsBgi/view?usp=drive_link
FMCG001,Snack,Anak Tempe,Keripik Tempe,15 gr,Anak Tempe Keripik Tempe - 15 gr,Original,Jawa Barat,"56,000","1,400","80,000","2,000",40,200,https://drive.google.com/file/d/1EoWVR2XKaqJGLj22dDNYgg_xZTaWsBgi/view?usp=drive_link
FMCG001,Snack,Anak Tempe,Keripik Tempe,15 gr,Anak Tempe Keripik Tempe - 15 gr,BBQ,Jawa Barat,"56,000","1,400","80,000","2,000",40,200,https://drive.google.com/file/d/1EoWVR2XKaqJGLj22dDNYgg_xZTaWsBgi/view?usp=drive_link
FMCG001,Snack,Anak Tempe,Keripik Tempe,15 gr,Anak Tempe Keripik Tempe - 15 gr,Jagung Manis,Jawa Barat,"56,000","1,400","80,000","2,000",40,200,https://drive.google.com/file/d/1EoWVR2XKaqJGLj22dDNYgg_xZTaWsBgi/view?usp=drive_link
FMCG001,Snack,Anak Tempe,Keripik Tempe,15 gr,Anak Tempe Keripik Tempe - 15 gr,Tempe Balado,Jawa Barat,"56,000","1,400","80,000","2,000",40,200,https://drive.google.com/file/d/1EoWVR2XKaqJGLj22dDNYgg_xZTaWsBgi/view?usp=drive_link
FMCG001,Snack,Anak Tempe,Keripik Tempe,15 gr,Anak Tempe Keripik Tempe - 15 gr,Original,Jawa Tengah,"56,000","1,400","80,000","2,000",40,200,https://drive.google.com/file/d/1EoWVR2XKaqJGLj22dDNYgg_xZTaWsBgi/view?usp=drive_link
FMCG001,Snack,Anak Tempe,Keripik Tempe,15 gr,Anak Tempe Keripik Tempe - 15 gr,BBQ,Jawa Tengah,"56,000","1,400","80,000","2,000",40,200,https://drive.google.com/file/d/1EoWVR2XKaqJGLj22dDNYgg_xZTaWsBgi/view?usp=drive_link
FMCG001,Snack,Anak Tempe,Keripik Tempe,15 gr,Anak Tempe Keripik Tempe - 15 gr,Jagung Manis,Jawa Tengah,"56,000","1,400","80,000","2,000",40,200,https://drive.google.com/file/d/1EoWVR2XKaqJGLj22dDNYgg_xZTaWsBgi/view?usp=drive_link
FMCG001,Snack,Anak Tempe,Keripik Tempe,15 gr,Anak Tempe Keripik Tempe - 15 gr,Tempe Balado,Jawa Tengah,"56,000","1,400","80,000","2,000",40,200,https://drive.google.com/file/d/1EoWVR2XKaqJGLj22dDNYgg_xZTaWsBgi/view?usp=drive_link
FMCG002,Snack,Let'z,Popcorn,20 gr,Let'z Popcorn - 20 gr,Caramel,Jabodetabek,"44,500","1,483","60,000","2,000",30,200,https://drive.google.com/file/d/1Vo8PDkm34UbtcI9AqlpiMErr5CqoJAdP/view?usp=drive_link
FMCG002,Snack,Let'z,Popcorn,20 gr,Let'z Popcorn - 20 gr,Caramel,Jawa Barat,"44,500","1,483","60,000","2,000",30,650,https://drive.google.com/file/d/1Vo8PDkm34UbtcI9AqlpiMErr5CqoJAdP/view?usp=drive_link
FMCG002,Snack,Let'z,Popcorn,20 gr,Let'z Popcorn - 20 gr,Caramel,Jawa Tengah,"44,500","1,483","60,000","2,000",30,"1,300",https://drive.google.com/file/d/1Vo8PDkm34UbtcI9AqlpiMErr5CqoJAdP/view?usp=drive_link
FMCG002,Snack,Let'z,Popcorn,20 gr,Let'z Popcorn - 20 gr,Caramel,Jawa Timur,"44,500","1,483","60,000","2,000",30,"1,300",https://drive.google.com/file/d/1Vo8PDkm34UbtcI9AqlpiMErr5CqoJAdP/view?usp=drive_link
FMCG003,Snack,Let'z,Gula Kapas,10 gr,Let'z Gula Kapas - 10 gr,Leci,Jabodetabek,"57,600","1,440","80,000","2,000",40,680,https://drive.google.com/file/d/1-oMDVEdUhBvURMlbImAGGjZBxR_8vdVL/view?usp=drive_link
FMCG003,Snack,Let'z,Gula Kapas,10 gr,Let'z Gula Kapas - 10 gr,Anggur,Jabodetabek,"57,600","1,440","80,000","2,000",40,680,https://drive.google.com/file/d/1-oMDVEdUhBvURMlbImAGGjZBxR_8vdVL/view?usp=drive_link
FMCG003,Snack,Let'z,Gula Kapas,10 gr,Let'z Gula Kapas - 10 gr,Strawberry,Jabodetabek,"57,600","1,440","80,000","2,000",40,680,https://drive.google.com/file/d/1-oMDVEdUhBvURMlbImAGGjZBxR_8vdVL/view?usp=drive_link
FMCG003,Snack,Let'z,Gula Kapas,10 gr,Let'z Gula Kapas - 10 gr,Jeruk,Jabodetabek,"57,600","1,440","80,000","2,000",40,680,https://drive.google.com/file/d/1-oMDVEdUhBvURMlbImAGGjZBxR_8vdVL/view?usp=drive_link
FMCG003,Snack,Let'z,Gula Kapas,10 gr,Let'z Gula Kapas - 10 gr,Leci,Jawa Barat,"57,600","1,440","80,000","2,000",40,680,https://drive.google.com/file/d/1-oMDVEdUhBvURMlbImAGGjZBxR_8vdVL/view?usp=drive_link
FMCG003,Snack,Let'z,Gula Kapas,10 gr,Let'z Gula Kapas - 10 gr,Anggur,Jawa Barat,"57,600","1,440","80,000","2,000",40,680,https://drive.google.com/file/d/1-oMDVEdUhBvURMlbImAGGjZBxR_8vdVL/view?usp=drive_link
FMCG003,Snack,Let'z,Gula Kapas,10 gr,Let'z Gula Kapas - 10 gr,Strawberry,Jawa Barat,"57,600","1,440","80,000","2,000",40,680,https://drive.google.com/file/d/1-oMDVEdUhBvURMlbImAGGjZBxR_8vdVL/view?usp=drive_link
FMCG003,Snack,Let'z,Gula Kapas,10 gr,Let'z Gula Kapas - 10 gr,Jeruk,Jawa Barat,"57,600","1,440","80,000","2,000",40,680,https://drive.google.com/file/d/1-oMDVEdUhBvURMlbImAGGjZBxR_8vdVL/view?usp=drive_link
FMCG003,Snack,Let'z,Gula Kapas,10 gr,Let'z Gula Kapas - 10 gr,Leci,Jawa Tengah,"57,600","1,440","80,000","2,000",40,"1,300",https://drive.google.com/file/d/1-oMDVEdUhBvURMlbImAGGjZBxR_8vdVL/view?usp=drive_link
FMCG003,Snack,Let'z,Gula Kapas,10 gr,Let'z Gula Kapas - 10 gr,Anggur,Jawa Tengah,"57,600","1,440","80,000","2,000",40,"1,300",https://drive.google.com/file/d/1-oMDVEdUhBvURMlbImAGGjZBxR_8vdVL/view?usp=drive_link
FMCG003,Snack,Let'z,Gula Kapas,10 gr,Let'z Gula Kapas - 10 gr,Strawberry,Jawa Tengah,"57,600","1,440","80,000","2,000",40,"1,300",https://drive.google.com/file/d/1-oMDVEdUhBvURMlbImAGGjZBxR_8vdVL/view?usp=drive_link
FMCG003,Snack,Let'z,Gula Kapas,10 gr,Let'z Gula Kapas - 10 gr,Jeruk,Jawa Tengah,"57,600","1,440","80,000","2,000",40,"1,300",https://drive.google.com/file/d/1-oMDVEdUhBvURMlbImAGGjZBxR_8vdVL/view?usp=drive_link
FMCG003,Snack,Let'z,Gula Kapas,10 gr,Let'z Gula Kapas - 10 gr,Leci,Jawa Timur,"57,600","1,440","80,000","2,000",40,"1,300",https://drive.google.com/file/d/1-oMDVEdUhBvURMlbImAGGjZBxR_8vdVL/view?usp=drive_link
FMCG003,Snack,Let'z,Gula Kapas,10 gr,Let'z Gula Kapas - 10 gr,Anggur,Jawa Timur,"57,600","1,440","80,000","2,000",40,"1,300",https://drive.google.com/file/d/1-oMDVEdUhBvURMlbImAGGjZBxR_8vdVL/view?usp=drive_link
FMCG003,Snack,Let'z,Gula Kapas,10 gr,Let'z Gula Kapas - 10 gr,Strawberry,Jawa Timur,"57,600","1,440","80,000","2,000",40,"1,300",https://drive.google.com/file/d/1-oMDVEdUhBvURMlbImAGGjZBxR_8vdVL/view?usp=drive_link
FMCG003,Snack,Let'z,Gula Kapas,10 gr,Let'z Gula Kapas - 10 gr,Jeruk,Jawa Timur,"57,600","1,440","80,000","2,000",40,"1,300",https://drive.google.com/file/d/1-oMDVEdUhBvURMlbImAGGjZBxR_8vdVL/view?usp=drive_link
FMCG004,Snack,Wispish,Keripik Singkong,25 gr,Wispish Keripik Singkong - 25 gr,Original,Jabodetabek,"86,500","1,442","120,000","2,000",60,300,https://drive.google.com/file/d/1kfBrTbfC7OHM_dVOXrhzcHjl979mJUpV/view?usp=drive_link
FMCG004,Snack,Wispish,Keripik Singkong,25 gr,Wispish Keripik Singkong - 25 gr,Beef Bulgogi,Jabodetabek,"86,500","1,442","120,000","2,000",60,300,https://drive.google.com/file/d/1kfBrTbfC7OHM_dVOXrhzcHjl979mJUpV/view?usp=drive_link
FMCG004,Snack,Wispish,Keripik Singkong,25 gr,Wispish Keripik Singkong - 25 gr,Keju Balado,Jabodetabek,"86,500","1,442","120,000","2,000",60,300,https://drive.google.com/file/d/1kfBrTbfC7OHM_dVOXrhzcHjl979mJUpV/view?usp=drive_link
FMCG004,Snack,Wispish,Keripik Singkong,25 gr,Wispish Keripik Singkong - 25 gr,Original,Jawa Barat,"86,500","1,442","120,000","2,000",60,300,https://drive.google.com/file/d/1kfBrTbfC7OHM_dVOXrhzcHjl979mJUpV/view?usp=drive_link
FMCG004,Snack,Wispish,Keripik Singkong,25 gr,Wispish Keripik Singkong - 25 gr,Beef Bulgogi,Jawa Barat,"86,500","1,442","120,000","2,000",60,300,https://drive.google.com/file/d/1kfBrTbfC7OHM_dVOXrhzcHjl979mJUpV/view?usp=drive_link
FMCG004,Snack,Wispish,Keripik Singkong,25 gr,Wispish Keripik Singkong - 25 gr,Keju Balado,Jawa Barat,"86,500","1,442","120,000","2,000",60,300,https://drive.google.com/file/d/1kfBrTbfC7OHM_dVOXrhzcHjl979mJUpV/view?usp=drive_link
FMCG004,Snack,Wispish,Keripik Singkong,25 gr,Wispish Keripik Singkong - 25 gr,Original,Jawa Tengah,"86,500","1,442","120,000","2,000",60,300,https://drive.google.com/file/d/1kfBrTbfC7OHM_dVOXrhzcHjl979mJUpV/view?usp=drive_link
FMCG004,Snack,Wispish,Keripik Singkong,25 gr,Wispish Keripik Singkong - 25 gr,Beef Bulgogi,Jawa Tengah,"86,500","1,442","120,000","2,000",60,300,https://drive.google.com/file/d/1kfBrTbfC7OHM_dVOXrhzcHjl979mJUpV/view?usp=drive_link
FMCG004,Snack,Wispish,Keripik Singkong,25 gr,Wispish Keripik Singkong - 25 gr,Keju Balado,Jawa Tengah,"86,500","1,442","120,000","2,000",60,300,https://drive.google.com/file/d/1kfBrTbfC7OHM_dVOXrhzcHjl979mJUpV/view?usp=drive_link
FMCG004,Snack,Wispish,Keripik Singkong,25 gr,Wispish Keripik Singkong - 25 gr,Original,Jawa Timur,"86,500","1,442","120,000","2,000",60,300,https://drive.google.com/file/d/1kfBrTbfC7OHM_dVOXrhzcHjl979mJUpV/view?usp=drive_link
FMCG004,Snack,Wispish,Keripik Singkong,25 gr,Wispish Keripik Singkong - 25 gr,Beef Bulgogi,Jawa Timur,"86,500","1,442","120,000","2,000",60,300,https://drive.google.com/file/d/1kfBrTbfC7OHM_dVOXrhzcHjl979mJUpV/view?usp=drive_link
FMCG004,Snack,Wispish,Keripik Singkong,25 gr,Wispish Keripik Singkong - 25 gr,Keju Balado,Jawa Timur,"86,500","1,442","120,000","2,000",60,300,https://drive.google.com/file/d/1kfBrTbfC7OHM_dVOXrhzcHjl979mJUpV/view?usp=drive_link
FMCG007,Rokok,Rokok SS/SR,SS Kretek,10 batang,Rokok SS/SR SS Kretek - 10 batang,Mentol. Blueberry,Jabodetabek,"83,000","8,300","120,000","12,000",80,400,https://drive.google.com/file/d/18xJWRqGxoMjVj8AwpF_Ab0p3crwti0mm/view?usp=drive_link
FMCG007,Rokok,Rokok SS/SR,SS Kretek,10 batang,Rokok SS/SR SS Kretek - 10 batang,Mangga,Jabodetabek,"83,000","8,300","120,000","12,000",80,400,https://drive.google.com/file/d/18xJWRqGxoMjVj8AwpF_Ab0p3crwti0mm/view?usp=drive_link
FMCG007,Rokok,Rokok SS/SR,SS Kretek,10 batang,Rokok SS/SR SS Kretek - 10 batang,Mentol. Blueberry,Jawa Barat,"83,000","8,300","120,000","12,000",80,400,https://drive.google.com/file/d/18xJWRqGxoMjVj8AwpF_Ab0p3crwti0mm/view?usp=drive_link
FMCG007,Rokok,Rokok SS/SR,SS Kretek,10 batang,Rokok SS/SR SS Kretek - 10 batang,Mangga,Jawa Barat,"83,000","8,300","120,000","12,000",80,400,https://drive.google.com/file/d/18xJWRqGxoMjVj8AwpF_Ab0p3crwti0mm/view?usp=drive_link
FMCG010,Minuman,Kopi Glass Cappuccino,Kopi,150 ml,Kopi Glass Cappuccino Kopi - 150 ml,,Jabodetabek,"16,500",688,"24,000","1,000",24,"2,000",https://drive.google.com/file/d/1Vlt0_fu0gmygNPEMp-ApPQywB1T_1ILm/view?usp=drive_link
FMCG010,Minuman,Kopi Glass Cappuccino,Kopi,150 ml,Kopi Glass Cappuccino Kopi - 150 ml,,Jawa Barat,"17,500",729,"24,000","1,000",24,"1,400",https://drive.google.com/file/d/1Vlt0_fu0gmygNPEMp-ApPQywB1T_1ILm/view?usp=drive_link
FMCG010,Minuman,Melow Jeruk Nipis Madu,Minuman,150 ml,Melow Jeruk Nipis Madu Minuman - 150 ml,,Jabodetabek,"16,500",688,"24,000","1,000",24,"2,000",https://drive.google.com/file/d/1ybaGtIEjx9MeFvYItDsPxRJNwhtp31f6/view?usp=drive_link
FMCG010,Minuman,Melow Jeruk Nipis Madu,Minuman,150 ml,Melow Jeruk Nipis Madu Minuman - 150 ml,,Jawa Barat,"17,500",729,"24,000","1,000",24,"1,400",https://drive.google.com/file/d/1ybaGtIEjx9MeFvYItDsPxRJNwhtp31f6/view?usp=drive_link
FMCG010,Snack,Tiktok Kerupuk,Kerupuk,15 gr,Tiktok Kerupuk Kerupuk - 15 gr,,Jabodetabek,"67,000","1,396","96,000","1,000",48,400,https://drive.google.com/file/d/1JM_qVqUE4UrZrWDEdERuqRWM26LcboYG/view?usp=drive_link
FMCG010,Snack,Tiktok Kerupuk,Kerupuk,15 gr,Tiktok Kerupuk Kerupuk - 15 gr,,Jawa Barat,"68,200","1,421","96,000","1,000",48,"1,400",https://drive.google.com/file/d/1JM_qVqUE4UrZrWDEdERuqRWM26LcboYG/view?usp=drive_link
FMCG013,Snack,Chokoreto,Wafer,,Chokoreto Wafer -,Chocolate,Jabodetabek,"51,840",360,"72,000",500,24,"1,000",https://drive.google.com/file/d/1RGC_8cFCoZr52nFv9PksrVWDR2ygNDuc/view?usp=drive_link
FMCG013,Snack,Chokoreto,Wafer,,Chokoreto Wafer -,Vanilla,Jabodetabek,"51,840",360,"72,000",500,24,"1,000",https://drive.google.com/file/d/1C2EARVoZpmj6qMS0qymkzLU7uNxNSJPx/view?usp=drive_link
FMCG013,Snack,Chokoreto,Wafer,,Chokoreto Wafer -,Strawberry,Jabodetabek,"51,840",360,"72,000",500,24,"1,000",https://drive.google.com/file/d/1C2EARVoZpmj6qMS0qymkzLU7uNxNSJPx/view?usp=drive_link
FMCG013,Snack,Chokoreto,Wafer,,Chokoreto Wafer -,Chocolate,Jawa Barat,"51,840",360,"72,000",500,24,"1,000",https://drive.google.com/file/d/1RGC_8cFCoZr52nFv9PksrVWDR2ygNDuc/view?usp=drive_link
FMCG013,Snack,Chokoreto,Wafer,,Chokoreto Wafer -,Vanilla,Jawa Barat,"51,840",360,"72,000",500,24,"1,000",https://drive.google.com/file/d/1C2EARVoZpmj6qMS0qymkzLU7uNxNSJPx/view?usp=drive_link
FMCG013,Snack,Chokoreto,Wafer,,Chokoreto Wafer -,Strawberry,Jawa Barat,"51,840",360,"72,000",500,24,"1,000",https://drive.google.com/file/d/1C2EARVoZpmj6qMS0qymkzLU7uNxNSJPx/view?usp=drive_link
FMCG014,Snack,7Cosia,75g Mini Puri Puri Jelly – 5 pack,75 gr,7Cosia 75g Mini Puri Puri Jelly – 5 pack - 75 gr,Assorted Fruit,Jabodetabek,"75,000","1,250","120,000","2,000",60,"1,200",https://drive.google.com/file/d/1EYnllNOZF4PCTLiaaS7ehJ8rwoA2jW_G/view?usp=drive_link
FMCG014,Snack,7Cosia,75g Mini Zuzu Zuzu Panna Cotta – 5 pack,75 gr,7Cosia 75g Mini Zuzu Zuzu Panna Cotta – 5 pack - 75 gr,Assorted Fruit,Jabodetabek,"75,000","1,250","120,000","2,000",60,"1,200",https://drive.google.com/file/d/1cxpvo6fLNcU55GPJfSGAR_MGgaFE_D1F/view?usp=drive_link
FMCG014,Minuman,7Cosia,KidsFun Squeeze Jelly,75 gr,7Cosia KidsFun Squeeze Jelly - 75 gr,Yoghurt,Jabodetabek,"75,000","1,250","120,000","2,000",60,"1,200",https://drive.google.com/file/d/1M9YWHKb1a_qSDcjTf57z8JY4VpMub9Oh/view?usp=drive_link
FMCG014,Minuman,7Cosia,KidsFun Squeeze Jelly,75 gr,7Cosia KidsFun Squeeze Jelly - 75 gr,Grape Yoghurt,Jabodetabek,"75,000","1,250","120,000","2,000",60,"1,200",https://drive.google.com/file/d/1M9YWHKb1a_qSDcjTf57z8JY4VpMub9Oh/view?usp=drive_link
FMCG014,Minuman,7Cosia,TrueLove POP Squeeze Jelly – Mix Fruit,75 gr,7Cosia TrueLove POP Squeeze Jelly – Mix Fruit - 75 gr,Mix Fruit,Jabodetabek,"75,000","1,250","120,000","2,000",60,"1,200",https://drive.google.com/file/d/1AjIxcjYU301H4hAhTC0KymVwCanmTIEu/view?usp=drive_link
FMCG014,Minuman,7Cosia,TrueLove POP Squeeze Jelly – Mix Fruit,75 gr,7Cosia TrueLove POP Squeeze Jelly – Mix Fruit - 75 gr,Peach,Jabodetabek,"75,000","1,250","120,000","2,000",60,"1,200",https://drive.google.com/file/d/1AjIxcjYU301H4hAhTC0KymVwCanmTIEu/view?usp=drive_link
FMCG014,Snack,7Cosia,82mL Lollipop Ice (Assorted Flavor),82 ml,7Cosia 82mL Lollipop Ice (Assorted Flavor) - 82 ml,Yoghurt,Jabodetabek,"50,000",625,"80,000","1,000",80,"1,200",https://drive.google.com/file/d/1InWt2ukkCt9LiPivPcbjdrwvAlIWjJ04/view?usp=drive_link
FMCG014,Snack,7Cosia,6kg Mini Puri Puri Jelly,6 kg,7Cosia 6kg Mini Puri Puri Jelly - 6 kg,Assorted Fruit,Jabodetabek,"78,800","19,700","126,000","31,500",4,"1,200",https://drive.google.com/file/d/1d9KtIxdp46xJZhPou_yhr51hBelCAjTa/view?usp=drive_link
FMCG014,Snack,7Cosia,6kg Mini Zuzu Zuzu Panna Cotta,6 kg,7Cosia 6kg Mini Zuzu Zuzu Panna Cotta - 6 kg,Assorted Fruit,Jabodetabek,"78,800","19,700","126,000","31,500",4,"1,200",https://drive.google.com/file/d/1NRx5R2iKKGn8TZh28LXDRjOwpMsjWlFf/view?usp=drive_link
FMCG014,Snack,7Cosia,50ml Ice Pop X10,50 ml,7Cosia 50ml Ice Pop X10 - 50 ml,Assorted Fruit,Jabodetabek,"46,875","3,125","75,000","5,000",15,"1,200",https://drive.google.com/file/d/1E-e_S992OxV0-m9ZjrCPd2fEj5T0xY2B/view?usp=drive_link
FMCG014,Snack,7Cosia,50ml Ice Pop X10,50 ml,7Cosia 50ml Ice Pop X10 - 50 ml,Yoghurt Flavor,Jabodetabek,"46,875","3,125","75,000","5,000",15,"1,200",https://drive.google.com/file/d/1E-e_S992OxV0-m9ZjrCPd2fEj5T0xY2B/view?usp=drive_link
FMCG014,Snack,7Cosia,75g Mini Puri Puri Jelly – 5 pack,75 gr,7Cosia 75g Mini Puri Puri Jelly – 5 pack - 75 gr,Assorted Fruit,Jawa Barat,"75,000","1,250","120,000","2,000",60,"1,200",https://drive.google.com/file/d/1EYnllNOZF4PCTLiaaS7ehJ8rwoA2jW_G/view?usp=drive_link
FMCG014,Snack,7Cosia,75g Mini Zuzu Zuzu Panna Cotta – 5 pack,75 gr,7Cosia 75g Mini Zuzu Zuzu Panna Cotta – 5 pack - 75 gr,Assorted Fruit,Jawa Barat,"75,000","1,250","120,000","2,000",60,"1,200",https://drive.google.com/file/d/1cxpvo6fLNcU55GPJfSGAR_MGgaFE_D1F/view?usp=drive_link
FMCG014,Minuman,7Cosia,KidsFun Squeeze Jelly,75 gr,7Cosia KidsFun Squeeze Jelly - 75 gr,Yoghurt,Jawa Barat,"75,000","1,250","120,000","2,000",60,"1,200",https://drive.google.com/file/d/1M9YWHKb1a_qSDcjTf57z8JY4VpMub9Oh/view?usp=drive_link
FMCG014,Minuman,7Cosia,KidsFun Squeeze Jelly,75 gr,7Cosia KidsFun Squeeze Jelly - 75 gr,Grape Yoghurt,Jawa Barat,"75,000","1,250","120,000","2,000",60,"1,200",https://drive.google.com/file/d/1M9YWHKb1a_qSDcjTf57z8JY4VpMub9Oh/view?usp=drive_link
FMCG014,Minuman,7Cosia,TrueLove POP Squeeze Jelly,75 gr,7Cosia TrueLove POP Squeeze Jelly - 75 gr,Mix Fruit,Jawa Barat,"75,000","1,250","120,000","2,000",60,"1,200",https://drive.google.com/file/d/1AjIxcjYU301H4hAhTC0KymVwCanmTIEu/view?usp=drive_link
FMCG014,Minuman,7Cosia,TrueLove POP Squeeze Jelly,75 gr,7Cosia TrueLove POP Squeeze Jelly - 75 gr,Peach,Jawa Barat,"75,000","1,250","120,000","2,000",60,"1,200",https://drive.google.com/file/d/1AjIxcjYU301H4hAhTC0KymVwCanmTIEu/view?usp=drive_link
FMCG014,Snack,7Cosia,82mL Lollipop Ice (Assorted Flavor),82 ml,7Cosia 82mL Lollipop Ice (Assorted Flavor) - 82 ml,Yoghurt,Jawa Barat,"50,000",625,"80,000","1,000",80,"1,200",https://drive.google.com/file/d/1InWt2ukkCt9LiPivPcbjdrwvAlIWjJ04/view?usp=drive_link
FMCG014,Snack,7Cosia,6kg Mini Puri Puri Jelly,6 kg,7Cosia 6kg Mini Puri Puri Jelly - 6 kg,Assorted Fruit,Jawa Barat,"78,800","19,700","126,000","31,500",4,"1,200",https://drive.google.com/file/d/1d9KtIxdp46xJZhPou_yhr51hBelCAjTa/view?usp=drive_link
FMCG014,Snack,7Cosia,6kg Mini Zuzu Zuzu Panna Cotta,6 kg,7Cosia 6kg Mini Zuzu Zuzu Panna Cotta - 6 kg,Assorted Fruit,Jawa Barat,"78,800","19,700","126,000","31,500",4,"1,200",https://drive.google.com/file/d/1NRx5R2iKKGn8TZh28LXDRjOwpMsjWlFf/view?usp=drive_link
FMCG014,Snack,7Cosia,50ml Ice Pop X10,50 ml,7Cosia 50ml Ice Pop X10 - 50 ml,Assorted Fruit,Jawa Barat,"46,875","3,125","75,000","5,000",15,"1,200",https://drive.google.com/file/d/1E-e_S992OxV0-m9ZjrCPd2fEj5T0xY2B/view?usp=drive_link
FMCG014,Snack,7Cosia,50ml Ice Pop X10,50 ml,7Cosia 50ml Ice Pop X10 - 50 ml,Yogurt Flavor,Jawa Barat,"46,875","3,125","75,000","5,000",15,"1,200",https://drive.google.com/file/d/1E-e_S992OxV0-m9ZjrCPd2fEj5T0xY2B/view?usp=drive_link
FMCG015,Cokelat dan Permen,Tobelo,Tobelo Golden Ball,5 gr,Tobelo Tobelo Golden Ball - 5 gr,,Jabodetabek,"86,277",359,"120,000",500,240,500,https://drive.google.com/file/d/1E-e_S992OxV0-m9ZjrCPd2fEj5T0xY2B/view?usp=drive_link
FMCG015,Cokelat dan Permen,Tobelo,Tobelo Long Stick Jar,5 gr,Tobelo Tobelo Long Stick Jar - 5 gr,,Jabodetabek,"94,542",315,"150,000",500,300,500,https://drive.google.com/file/d/1E-e_S992OxV0-m9ZjrCPd2fEj5T0xY2B/view?usp=drive_link
FMCG015,Cokelat dan Permen,Tobelo,Tobelo Pop Kress Mix,5 gr,Tobelo Tobelo Pop Kress Mix - 5 gr,,Jabodetabek,"67,500",338,"100,000",500,200,500,https://drive.google.com/file/d/1E-e_S992OxV0-m9ZjrCPd2fEj5T0xY2B/view?usp=drive_link
FMCG015,Cokelat dan Permen,Tobelo,Tobelo Choco toss,5 gr,Tobelo Tobelo Choco toss - 5 gr,,Jabodetabek,"77,760",324,"120,000",500,240,500,https://drive.google.com/file/d/1E-e_S992OxV0-m9ZjrCPd2fEj5T0xY2B/view?usp=drive_link
FMCG015,Cokelat dan Permen,Tobelo,Tobelo Moonlight ( Bag ),10 gr,Tobelo Tobelo Moonlight ( Bag ) - 10 gr,,Jabodetabek,"75,600",630,"120,000","1,000",120,500,https://drive.google.com/file/d/1E-e_S992OxV0-m9ZjrCPd2fEj5T0xY2B/view?usp=drive_link
FMCG015,Cokelat dan Permen,Tobelo,Toki -1 Cokelat Blok,5 gr,Tobelo Toki -1 Cokelat Blok - 5 gr,,Jabodetabek,"67,500",338,"100,000",500,200,500,https://drive.google.com/file/d/1E-e_S992OxV0-m9ZjrCPd2fEj5T0xY2B/view?usp=drive_link
FMCG015,Cokelat dan Permen,Tobelo,Toki -1 Frutta,5 gr,Tobelo Toki -1 Frutta - 5 gr,,Jabodetabek,"67,500",338,"100,000",500,200,500,https://drive.google.com/file/d/1E-e_S992OxV0-m9ZjrCPd2fEj5T0xY2B/view?usp=drive_link
FMCG015,Cokelat dan Permen,Tobelo,Tobelo Choco lolly,5 gr,Tobelo Tobelo Choco lolly - 5 gr,Chocolate,Jabodetabek,"75,600",630,"120,000","1,000",120,500,https://drive.google.com/file/d/1v7c-1EYJNhJU947mF6dK6HnVoHTfapE7/view?usp=drive_link
FMCG015,Cokelat dan Permen,Tobelo,Tobelo Choco lolly,5 gr,Tobelo Tobelo Choco lolly - 5 gr,Mangga,Jabodetabek,"75,600",630,"120,000","1,000",120,500,https://drive.google.com/file/d/1v7c-1EYJNhJU947mF6dK6HnVoHTfapE7/view?usp=drive_link
FMCG015,Cokelat dan Permen,Tobelo,Tobelo Choco lolly,5 gr,Tobelo Tobelo Choco lolly - 5 gr,Strawberry,Jabodetabek,"75,600",630,"120,000","1,000",120,500,https://drive.google.com/file/d/1v7c-1EYJNhJU947mF6dK6HnVoHTfapE7/view?usp=drive_link
FMCG015,Cokelat dan Permen,Tobelo,Tobelo Golden Ball,5 gr,Tobelo Tobelo Golden Ball - 5 gr,,Jawa Barat,"86,277",359,"120,000",500,240,500,https://drive.google.com/file/d/1k1LC5eMPgmYgIYiiC9OETEUYEGhPHKCM/view?usp=drive_link
FMCG015,Cokelat dan Permen,Tobelo,Tobelo Long Stick Jar,5 gr,Tobelo Tobelo Long Stick Jar - 5 gr,,Jawa Barat,"94,542",315,"150,000",500,300,500,https://drive.google.com/file/d/16gZR-LIdTrIq7sE5zoY6PusEkd0BG8Of/view?usp=drive_link
FMCG015,Cokelat dan Permen,Tobelo,Tobelo Pop Kress Mix,5 gr,Tobelo Tobelo Pop Kress Mix - 5 gr,,Jawa Barat,"67,500",338,"100,000",500,200,500,https://drive.google.com/file/d/1oLAHfAk8cHoxso_LNvtazK4WMKJ-QdGv/view?usp=drive_link
FMCG015,Cokelat dan Permen,Tobelo,Tobelo Choco toss,5 gr,Tobelo Tobelo Choco toss - 5 gr,,Jawa Barat,"77,760",324,"120,000",500,240,500,https://drive.google.com/file/d/1iEnoQI6iEXnryOe_tlbM5L2Ne6RVLTMW/view?usp=drive_link
FMCG015,Cokelat dan Permen,Tobelo,Tobelo Moonlight ( Bag ),10 gr,Tobelo Tobelo Moonlight ( Bag ) - 10 gr,,Jawa Barat,"75,600",630,"120,000","1,000",120,500,https://drive.google.com/file/d/17aMSKWrBchM4RTIlzbjR7iIUe44d5ypN/view?usp=drive_link
FMCG015,Cokelat dan Permen,Tobelo,Toki -1 Cokelat Blok,5 gr,Tobelo Toki -1 Cokelat Blok - 5 gr,,Jawa Barat,"67,500",338,"100,000",500,200,500,https://drive.google.com/file/d/11f7-_ft0HzzpZ-i4QEAp2rbtIaN2oKWR/view?usp=drive_link
FMCG015,Cokelat dan Permen,Tobelo,Toki -1 Frutta,5 gr,Tobelo Toki -1 Frutta - 5 gr,,Jawa Barat,"67,500",338,"100,000",500,200,500,https://drive.google.com/file/d/1C2bYq_PtSo_tpKXltv34tL6M75TcS2DC/view?usp=drive_link
FMCG015,Cokelat dan Permen,Tobelo,Tobelo Choco lolly,5 gr,Tobelo Tobelo Choco lolly - 5 gr,Chocolate,Jawa Barat,"75,600",630,"120,000","1,000",120,500,https://drive.google.com/file/d/1v7c-1EYJNhJU947mF6dK6HnVoHTfapE7/view?usp=drive_link
FMCG015,Cokelat dan Permen,Tobelo,Tobelo Choco lolly,5 gr,Tobelo Tobelo Choco lolly - 5 gr,Mangga,Jawa Barat,"75,600",630,"120,000","1,000",120,500,https://drive.google.com/file/d/1v7c-1EYJNhJU947mF6dK6HnVoHTfapE7/view?usp=drive_link
FMCG015,Cokelat dan Permen,Tobelo,Tobelo Choco lolly,5 gr,Tobelo Tobelo Choco lolly - 5 gr,Strawberry,Jawa Barat,"75,600",630,"120,000","1,000",120,500,https://drive.google.com/file/d/1v7c-1EYJNhJU947mF6dK6HnVoHTfapE7/view?usp=drive_link
FMCG015,Cokelat dan Permen,Tobelo,Tobelo Golden Ball,5 gr,Tobelo Tobelo Golden Ball - 5 gr,,Jawa Timur,"86,277",359,"120,000",500,240,500,https://drive.google.com/file/d/1k1LC5eMPgmYgIYiiC9OETEUYEGhPHKCM/view?usp=drive_link
FMCG015,Cokelat dan Permen,Tobelo,Tobelo Long Stick Jar,5 gr,Tobelo Tobelo Long Stick Jar - 5 gr,,Jawa Timur,"94,542",315,"150,000",500,300,500,https://drive.google.com/file/d/16gZR-LIdTrIq7sE5zoY6PusEkd0BG8Of/view?usp=drive_link
FMCG015,Cokelat dan Permen,Tobelo,Tobelo Pop Kress Mix,5 gr,Tobelo Tobelo Pop Kress Mix - 5 gr,,Jawa Timur,"67,500",338,"100,000",500,200,500,https://drive.google.com/file/d/1oLAHfAk8cHoxso_LNvtazK4WMKJ-QdGv/view?usp=drive_link
FMCG015,Cokelat dan Permen,Tobelo,Tobelo Choco toss,5 gr,Tobelo Tobelo Choco toss - 5 gr,,Jawa Timur,"77,760",324,"120,000",500,240,500,https://drive.google.com/file/d/1iEnoQI6iEXnryOe_tlbM5L2Ne6RVLTMW/view?usp=drive_link
FMCG015,Cokelat dan Permen,Tobelo,Tobelo Moonlight ( Bag ),10 gr,Tobelo Tobelo Moonlight ( Bag ) - 10 gr,,Jawa Timur,"75,600",630,"120,000","1,000",120,500,https://drive.google.com/file/d/17aMSKWrBchM4RTIlzbjR7iIUe44d5ypN/view?usp=drive_link
FMCG015,Cokelat dan Permen,Tobelo,Toki -1 Cokelat Blok,5 gr,Tobelo Toki -1 Cokelat Blok - 5 gr,,Jawa Timur,"67,500",338,"100,000",500,200,500,https://drive.google.com/file/d/11f7-_ft0HzzpZ-i4QEAp2rbtIaN2oKWR/view?usp=drive_link
FMCG015,Cokelat dan Permen,Tobelo,Toki -1 Frutta,5 gr,Tobelo Toki -1 Frutta - 5 gr,,Jawa Timur,"67,500",338,"100,000",500,200,500,https://drive.google.com/file/d/1C2bYq_PtSo_tpKXltv34tL6M75TcS2DC/view?usp=drive_link
FMCG015,Cokelat dan Permen,Tobelo,Tobelo Choco lolly,5 gr,Tobelo Tobelo Choco lolly - 5 gr,Chocolate,Jawa Timur,"75,600",630,"120,000","1,000",120,500,https://drive.google.com/file/d/1v7c-1EYJNhJU947mF6dK6HnVoHTfapE7/view?usp=drive_link
FMCG015,Cokelat dan Permen,Tobelo,Tobelo Choco lolly,5 gr,Tobelo Tobelo Choco lolly - 5 gr,Mangga,Jawa Timur,"75,600",630,"120,000","1,000",120,500,https://drive.google.com/file/d/1v7c-1EYJNhJU947mF6dK6HnVoHTfapE7/view?usp=drive_link
FMCG015,Cokelat dan Permen,Tobelo,Tobelo Choco lolly,5 gr,Tobelo Tobelo Choco lolly - 5 gr,Strawberry,Jawa Timur,"75,600",630,"120,000","1,000",120,500,https://drive.google.com/file/d/1v7c-1EYJNhJU947mF6dK6HnVoHTfapE7/view?usp=drive_link
FMCG016,Minuman,Pesbuk,Permen Serbuk,8 ml,Pesbuk Permen Serbuk - 8 ml,,Jabodetabek,"86,400",600,"144,000","1,000",144,200,https://drive.google.com/file/d/1ImfRgLkwGXKT-8oAnccqHZlXQqXxJQNY/view?usp=drive_link
FMCG016,Minuman,Pesbuk,Permen Serbuk,8 ml,Pesbuk Permen Serbuk - 8 ml,,Jawa Barat,"86,400",600,"144,000","1,000",144,200,https://drive.google.com/file/d/1ImfRgLkwGXKT-8oAnccqHZlXQqXxJQNY/view?usp=drive_link